{"duration":5400,"distance":0.0,"ftp":248,"sportSettings":{"id":380898,"athlete_id":"i80450","types":["Ride","VirtualRide"],"warmup_time":1200,"cooldown_time":600,"ftp":248,"power_zones":[55,75,90,105,120,150,999],"sweet_spot_min":84,"sweet_spot_max":97,"power_spike_threshold":30,"power_zone_names":["Active Recovery","Endurance","Tempo","Threshold","VO2 Max","Anaerobic","Neuromuscular"],"ftp_est_min_secs":300,"use_laps_for_power_intervals":false,"keep_all_laps_for_power_intervals":true,"lthr":182,"max_hr":200,"hr_zones":[146,162,170,181,186,191,200],"hr_zone_names":["Recovery","Aerobic","Tempo","SubThreshold","SuperThreshold","Aerobic Capacity","Anaerobic"],"hr_load_type":"HRSS","hrrc_min_percent":100.0,"gap_model":"NONE","elevation_correction":"NO","use_gap_zone_times":false,"pace_curve_start":100.0,"load_order":"POWER_HR_PACE","tiz_order":"POWER_HR_PACE","workout_order":"POWER_HR_PACE","interval_display":"POWER_HR_PACE","default_gear_id":"b10176450","extract_workouts":false,"show_pauses":600,"activity_field_ids":[],"activity_charts":{},"other":false,"eFTPSupported":true,"use_distance_for_intervals":false},"target":"HR","steps":[{"duration":900,"hr":{"value":1.0,"units":"hr_zone"},"_hr":{"start":116.0,"end":146.0}},{"text":"Repeat 4x","duration":3600,"distance":0.0,"reps":4,"steps":[{"duration":600,"hr":{"value":2.0,"units":"hr_zone"},"_hr":{"start":147.0,"end":162.0}},{"duration":300,"hr":{"value":1.0,"units":"hr_zone"},"_hr":{"start":116.0,"end":146.0}}]},{"duration":900,"hr":{"value":1.0,"units":"hr_zone"},"_hr":{"start":116.0,"end":146.0}}],"zoneTimes":[{"id":"Z1","secs":3000},{"id":"Z2","secs":2400},{"id":"Z3","secs":0},{"id":"Z4","secs":0},{"id":"Z5","secs":0},{"id":"Z6","secs":0},{"id":"Z7","secs":0}],"options":{},"locales":[]}